image,ground_truth,prediction,CER_score
test001_2.jpg,B2407UZ0,B2407UZO,0.125
test002_1.jpg,BG1352AE,BG1352AE,0.0
test003_1.jpg,B2634UZF,B2634UZF,0.0
test014_1.jpg,B1388DFX,1388DFX,0.125
test035_3.jpg,L2498AAM,2498AAM,0.125
test035_4.jpg,W1696YO,W1696YO,0.0
test036_2.jpg,B1618UAE,B1618UAE,0.0
test050_1.jpg,L1265OF,1265OF,0.14285714285714285
test055_1.jpg,N1610KS,N1610KS,0.0
test060_1.jpg,L1846JE,1846JE,0.14285714285714285
